                  epoch,         train/box_loss,         train/cls_loss,         train/dfl_loss,   metrics/precision(B),      metrics/recall(B),       metrics/mAP50(B),    metrics/mAP50-95(B),           val/box_loss,           val/cls_loss,           val/dfl_loss,                 lr/pg0,                 lr/pg1,                 lr/pg2
                      1,                 1.9023,                 1.9467,                  1.077,                0.61742,                0.13873,                0.12662,                0.08005,                 1.8763,                 1.7617,                 1.0427,             0.00019495,             0.00019495,             0.00019495
                      2,                  1.578,                 1.3572,                0.97921,                0.56462,                0.14938,                0.16489,                0.10158,                 1.7053,                 1.4723,                 1.0129,             0.00035225,             0.00035225,             0.00035225
                      3,                 1.4912,                 1.1856,                0.95436,                0.28905,                0.20197,                0.18078,                0.11267,                 1.7108,                 1.4073,                 1.0025,             0.00047074,             0.00047074,             0.00047074
                      4,                 1.4224,                 1.0798,                0.93988,                0.30739,                0.22452,                0.21197,                0.12987,                 1.5888,                 1.2655,                0.98677,             0.00041336,             0.00041336,             0.00041336
                      5,                 1.3605,                0.99547,                0.92577,                0.38409,                0.21686,                0.22007,                0.13664,                 1.5642,                 1.2498,                0.98136,             0.00035515,             0.00035515,             0.00035515
