                  epoch,         train/box_loss,         train/cls_loss,         train/dfl_loss,   metrics/precision(B),      metrics/recall(B),       metrics/mAP50(B),    metrics/mAP50-95(B),           val/box_loss,           val/cls_loss,           val/dfl_loss,                 lr/pg0,                 lr/pg1,                 lr/pg2
                      1,                 1.2376,                0.86421,                0.89995,                  0.376,                0.24655,                0.24098,                0.15239,                 1.5063,                 1.2178,                0.96968,             0.00010584,             0.00010584,             0.00010584
                      2,                 1.2201,                0.84626,                0.89646,                0.41455,                 0.2358,                0.24714,                 0.1584,                  1.505,                 1.2214,                0.96418,             0.00019602,             0.00019602,             0.00019602
                      3,                 1.1969,                0.82736,                0.89035,                0.44644,                0.23706,                0.24735,                0.15573,                 1.5161,                 1.2357,                0.96755,             0.00026408,             0.00026408,             0.00026408
                      4,                 1.1736,                0.80415,                0.88663,                0.41292,                0.24361,                0.24637,                 0.1549,                 1.5169,                  1.212,                0.97049,             0.00031002,             0.00031002,             0.00031002
